class,semantic_map_to,instance_map_to
3d printer,printer,printer
ac system,,
acoustic guitar,,
acoustic guitar case,,
action figure,,
adaptor,,
adjustable bench,,
adjusting rod,,
air conditioner,,
air conditioner remote,,
air conditioner tower,,
air conditioning,,
air diffuser,,
air duct,,
air freshener,,
air fryer,,
air heater,heater,heater
air humidifier,,
air mattress,,
air pipe,pipe,
air pump,,
air purifier,,
air vent,air vent,
air ventilator,air vent,
alarm,,
alarm clock,clock,clock
alcohol bottle,bottle,bottle
alcoholic drinks,,
alcove,,
alcove bench,,
alligator clips,,
amazon alexa,,
anti splatter shield,,
apple,,
apples,,
appliance,,
apron,,
ar tag,,
arch folder,file folder,file folder
arched ceiling,ceiling,
arm chair,chair,chair
armchair,chair,chair
ashtray,,
audio amplifier,,
audio equipment,,
audio interface,,
award,,
award frame,,
baby bassinet,,
baby bean bag,,
baby chair,chair,chair
baby mattress,,
baby musical crib,,
baby stroller,,
babyfoot table,table,table
backdrop,,
backdrop hook,,
backing paper pack,,
backpack,backpack,backpack
backpacks,backpack,backpack
backpag,backpack,backpack
backsplash,,
badge,,
badminton racket,,
badminton racket bag,bag,bag
bag,bag,bag
bag of chips,,
bag of oranges,,
bagpack,backpack,backpack
bags,bag,bag
baguettes,,
bakcpack,backpack,backpack
baking pan,pan,pan
baking paper roll,,
baking sheet,,
baking tray,,
balcony door,door,door
ball,,
ball cart,,
ballon,,
blanket,blanket,blanket
baloons,,
banana,,
bananas,,
banner,,
banquette,,
bar,,
bar cart,,
bar counter,,
bar soap,,
bar stool,chair,chair
bar table,table,table
barbecue grill,,
barbell,,
barber chair,chair,chair
barcode scanner,,
barrel,,
barstool,chair,chair
baseball cap,,
baseboard,,
basin,sink,sink
basket,basket,basket
basket contents,,
basket drawer,,
basketball,,
basketball basket,,
baskets,basket,basket
bath cabinet,cabinet,cabinet
bath counter,,
bath mat,,
bath robe,,
bath towel,towel,towel
bath tub,,
bathrobe,,
bathroom box,box,box
bathroom cabinet,cabinet,cabinet
bathroom cabinet drawer,cabinet,cabinet
bathroom ceiling light,ceiling lamp,ceiling lamp
bathroom clothes shelf,shelf,shelf
bathroom counter,,
bathroom divider,,
bathroom door,door,door
bathroom floor,floor,
bathroom holder,,
bathroom hook,,
bathroom light,,
bathroom mat,,
bathroom mirror,,
bathroom mirror lamp,,
bathroom mirror panel,,
bathroom rack,rack,rack
bathroom rug,,
bathroom shelf,shelf,shelf
bathroom sink,sink,sink
bathroom slippers,slippers,slippers
bathroom stall,,
bathroom stall partition,,
bathroom tiled shelf,shelf,shelf
bathroom tiled wall,wall,
bathroom vent,air vent,
bathroom wall,wall,
bathtub,,
bathtub grab rail,,
bathtub tap,tap,tap
battery powered vacuum cleaner,,
beach ball,,
beach umbrella,,
beaker stand,,
beam,,
bean bag,,
bean bag chair,,
beanbag,,
beanie,,
bed,bed,bed
bedsheet,,
bed board,,
bed cover,,
bed drawer,,
bed frame,,
bed sheets,,
bedframe,,
bedisde table,table,table
bedpost,,
bedsheets,,
bedside cabinet,cabinet,cabinet
bedside counter,,
bedside drawer unit,,
bedside lamp,table lamp,table lamp
bedside shelf,shelf,shelf
bedside table,table,table
beer crate,crate,crate
beer pack,,
belt,,
belts,,
bench,,
bench back rest,,
bench cushion,cushion,cushion
bench power supply,,
bench press,,
bench stool,,
beverage bottle,bottle,bottle
beverage bottles,bottle,bottle
beverage can,,
beverage cans,,
beverage carton,,
beverage crate,crate,crate
beverage crates,crate,crate
beverages,,
bicycle,,
bicycle helmet,,
bike,,
bike helmet,,
billboard,,
billiards table,table,table
bin,trash can,trash can
binder,binder,binder
binders,binder,binder
binding machine,,
bio trash bin,trash can,trash can
blackboard,board,
blackboard eraser,whiteboard eraser,whiteboard eraser
blackboard frame,,
blackboard stand,,
bladeless fan,,
blankets,blanket,blanket
blender,,
blender jug,,
blind,blinds,blinds
blind control rod,,
blind rail,blind rail,
blind rails,blind rail,
blind rod,,
blinds,blinds,blinds
blinds chain,,
blinds rail,blind rail,
blinds rod,,
blinds roller,,
blouse,,
blowtorch,,
bluetooth speaker,speaker,speaker
board,board,
board eraser,whiteboard eraser,whiteboard eraser
board game,,
board games,,
body lotion container,container,container
body scrubber,,
body weight scale,,
boiler,,
book,book,book
book shelf,bookshelf,bookshelf
book stand,,
books,book,book
bookshelf,bookshelf,bookshelf
boot,shoes,shoes
boots,shoes,shoes
boox,box,box
botlle,bottle,bottle
bottle,bottle,bottle
bottle carrier,,
bottle cleaning brush,,
bottle container,container,container
bottle crate,crate,crate
bottle spray,spray bottle,spray bottle
bottles,bottle,bottle
bottles case,,
botttle,bottle,bottle
bouquet,,
bowl,bowl,bowl
bowls,bowl,bowl
box,box,box
box container,container,container
box lid,,
boxes,box,box
bracket,,
bread,,
bread bag,bag,bag
bread box,box,box
bread knife,,
bread loaf,,
bread maker,,
bread toaster,,
breadbox,,
brick,,
brick wall,wall,
brief,,
brief case,,
briefcase,,
brochure,,
brochures,,
broom,,
broom handle,,
broom head,,
broomstick,,
brush,,
brushes,,
bucket,bucket,bucket
buckets,bucket,bucket
built-in shelf,shelf,shelf
bulletin board,board,
bulletin boards,board,
bunkbed,bed,bed
bunny chocolate,,
bunny decoration,,
button,,
c,,
cabbage,,
cabel,,
cabinet,cabinet,cabinet
cabinet base panel,,
cabinet ceilng,,
cabinet door,cabinet,cabinet
cabinet frame,,
cabinet side panel,,
cabinet top,,
cabinet top panel,,
cable,,
cable conduit,electrical duct,
cable container,container,container
cable drum,,
cable duck,electrical duct,
cable duct,electrical duct,
cable duct support,,
cable duct supporters,,
cable duct supports,,
cable junction,,
cable junction box,box,box
cable panel,,
cable pathway,electrical duct,
cable raceway,electrical duct,
cable rack,rack,rack
cable roller,,
cable socket,socket,socket
cable spool,,
cable strip,,
cable tray,electrical duct,
cable wheel,,
cables,,
cactus,,
cafe curtain,curtain,curtain
calander,,
calculator,,
calendar,,
calender,,
camera,,
camera bag,bag,bag
camera stand,,
camping bag,bag,bag
camping bed,bed,bed
can,,
candle,,
candle holder,,
candles,,
candy box,box,box
canister,,
cannister,,
canopy bed,bed,bed
canvas,,
cap,,
car door,,
carboard,,
carboard box,box,box
card,,
card reader,,
cardboard,,
cardboard box,box,box
cardboard boxes,box,box
cardboard packing material,,
cardboard tube,,
cardboards,,
cardbox,,
cards,,
carpet,,
carrier cart,,
carrots,,
carrying case,,
cart,,
carton,,
case,,
cat bed,,
cat food bowl,bowl,bowl
cat play tower,,
cat scratching post,,
caution board,board,
cd,,
cd player,,
cds,,
ceiling lamp,ceiling lamp,ceiling lamp
ceiliing,ceiling,
ceiling,ceiling,
ceiling beam,,
ceiling cables,,
ceiling camp,ceiling lamp,ceiling lamp
ceiling fan,,
ceiling hanging lamp,ceiling lamp,ceiling lamp
ceiling lamp shade,,
ceiling lamps,ceiling lamp,ceiling lamp
ceiling lapm,ceiling lamp,ceiling lamp
ceiling light,ceiling lamp,ceiling lamp
ceiling light fixture,ceiling lamp,ceiling lamp
ceiling light rail,,
ceiling lights,ceiling lamp,ceiling lamp
ceiling object,,
ceiling pipe,pipe,
ceiling speaker,speaker,speaker
ceiling sprinkler,,
ceiling vent,air vent,
ceiling ventilation panel,air vent,
ceiling ventilation valve,air vent,
ceiling ventilator,air vent,
ceiling lamp bar,,
ceilng light,ceiling lamp,ceiling lamp
cell phone,telephone,telephone
cellphone,telephone,telephone
central heating pipe,pipe,
central speaker,speaker,speaker
center table,table,table
centrifuge,,
cereal box,box,box
cettel,kettle,kettle
chain,,
chair,chair,chair
chair cushion,cushion,cushion
chair leg,chair,chair
chairs,chair,chair
chalk board,board,
chalkboard,board,
chandelier,,
charcoal bag,bag,bag
charger,,
charger head,,
chart,,
cheese,,
chemical barrel,,
chemical bottle,bottle,bottle
chemical canister,,
chemical container,container,container
chessboard,,
chewing gum,,
chicken hat,,
chimney,,
chips,,
chips bag,bag,bag
chips box,box,box
chips can,,
chocolate bar,,
chocolate box,box,box
chopping board,cutting board,cutting board
chopsticks,,
chrismas tree,,
christmas ornament,,
christmas tree,,
cigarette box,box,box
cigarette pack,,
cigarette packet,,
circuit box,box,box
circular tray,,
citrus juicer,,
clamp,,
clamping lamp,,
classroom table,table,table
cleaner,,
cleaner bottle,bottle,bottle
cleaning agent bottle,bottle,bottle
cleaning brush,,
cleaning bucket,bucket,bucket
cleaning cloth,cloth,
cleaning liquid,,
cleaning mop,,
cleaning product,,
cleaning supply,,
cleaning trolley,,
climbing wall,wall,
clipboard,,
clithes,,
clock,clock,clock
clogs,shoes,shoes
closet,cabinet,cabinet
closet rail,,
closet rod,,
cloth,cloth,
cloth bag,bag,bag
cloth bags,bag,bag
cloth hanger,clothes hanger,
cloth hangers,clothes hanger,
cloth piece,,
cloth rack,rack,rack
clothes,cloth,
clothes basket,basket,basket
clothes bin,,
clothes box,box,box
clothes dryer,,
clothes dryer rack,rack,rack
clothes drying rack,rack,rack
clothes drying stand,,
clothes hanger,clothes hanger,
clothes hanger rail,,
clothes hanger rod,,
clothes hangers,clothes hanger,
clothes hanging rack,rack,rack
clothes hanging rod,,
clothes hook,,
clothes iron,,
clothes rack,rack,rack
clothes rail,,
clothes rod,,
clothes stander,,
clothing,cloth,
clothing iron,,
clothing rack,rack,rack
clothng rail,,
cloths,cloth,
cnc machine,,
co detector,,
coarser,,
coaster,,
coasters,,
coat,jacket,jacket
coat hanger,coat hanger,coat hanger
coat hanger rack,rack,rack
coat hangers,coat hanger,coat hanger
coat hook,,
coat hooks,,
coat rack,rack,rack
coat stand,,
coat wall rack,rack,rack
coats,jacket,jacket
coax outlet,socket,socket
coax outlets,socket,socket
coax sockets,socket,socket
coffee machine,,
coffee,,
coffee bean grinder,,
coffee beans,,
coffee capsules,,
coffee cup,cup,cup
coffee jar,jar,jar
coffee maker,,
coffee mug,cup,cup
coffee packets,,
coffee pot,,
coffee table,table,table
colander,,
column,,
comb,,
comforter,blanket,blanket
compact wardrobe,cabinet,cabinet
compressor,,
computer,,
computer bag,bag,bag
computer cabinet,cabinet,cabinet
computer camera,,
computer desk,table,table
computer monitor,monitor,monitor
computer mouse,mouse,mouse
computer screen,monitor,monitor
computer table,table,table
computer tower,computer tower,computer tower
condiment bottle,bottle,bottle
condiments,,
conduit,,
conduit pipe,pipe,
cone,,
conference table,table,table
conjunction box,box,box
console,,
construction materials,,
container,container,container
container basket,basket,basket
control panel,,
control switch,light switch,light switch
control unit,,
controller,,
cooker,,
cooker hood,,
cooking appliances,,
cooking mittens,,
cooking pan,pan,pan
cooking pot,pot,pot
cooking pot lid,,
cooking utensil,,
cooking utensils,,
cookware,,
cooling pad,,
copier,printer,printer
copy machine,printer,printer
corck board,board,
cord,,
cord cover,electrical duct,
cord duct,electrical duct,
cord duct support,,
corded landline,,
corded telephone,telephone,telephone
cordless vacuum cleaner,,
corner bench,,
correction fluid,,
cosmetic bag,bag,bag
cosmetic bottle,bottle,bottle
cosmetic pouch,bag,bag
cosmetic tissue,,
cosmetic tube,,
couch,sofa,sofa
counter,,
countertop,kitchen counter,
countertop appliances,,
cover,,
cover up panel,,
covered power socket,socket,socket
cowboy hat,,
cpu,,
crate,crate,crate
crate trolley,,
crates,crate,crate
cream,,
cream bottle,bottle,bottle
cream tube,,
creamer packets,,
creme,,
crocs,shoes,shoes
cube shelve,shelf,shelf
cube shelves,shelf,shelf
cubicle door,door,door
cubicle separator,,
cucumber,,
cup,cup,cup
cupboard,cabinet,cabinet
cupoard,cabinet,cabinet
cups,cup,cup
curling iron,,
curtain,curtain,curtain
curtain blinds,blinds,blinds
curtain frame,,
curtain holder,,
curtain pull cord,,
curtain rail,,
curtain rails,,
curtain rod,,
curtain roll,,
curtain slider,,
curtains,curtain,curtain
cushion,cushion,cushion
cushion cover,,
cushions,cushion,cushion
cutboard,cutting board,cutting board
cutlery stand,,
cutting board,cutting board,cutting board
cutting boards,cutting board,cutting board
cutti̇ng board,cutting board,cutting board
cylinder,,
cylindrical speaker,speaker,speaker
cylindrical stool,,
dart board,,
dartboard,,
darts board,,
datashow socket,socket,socket
desk lamp,table lamp,table lamp
deck chair,chair,chair
decoration,,
decoration centerpiece,,
decoration lamp,,
decoration piece,,
decoration pieces,,
decorations,,
decorative bowl,bowl,bowl
decorative cloth,cloth,
decorative jar,jar,jar
decorative mat,,
decorative mirror,,
decorative pillar,,
decorative plant,plant,plant
decorative table,table,table
decorative tray,,
decorative wall,wall,
delivery bag,bag,bag
deodorant,,
deodorant bottle,bottle,bottle
deodorant can,,
desk,table,table
desk calendar,,
desk chair,office chair,office chair
desk devider,,
desk divider,,
desk fan,,
desk light,table lamp,table lamp
desk mat,,
desk mic,,
desk organiser,,
desk organizer,,
desk orginizer,,
desk power strip,power strip,power strip
detergent,,
detergent bag,bag,bag
detergent bottle,bottle,bottle
detergent box,box,box
detergent packet,,
detergent pods box,box,box
device,,
digital camera,,
digital piano,,
digital piano cover,,
digital piano stand,,
dimmer switch,light switch,light switch
dining chair,chair,chair
dining table,table,table
dining table mats,,
dinner table,table,table
dinnerware,,
disco ball,,
disco light,,
dish,,
dish brush,,
dish cloth,cloth,
dish container,container,container
dish drainer,,
dish drying rack,rack,rack
dish drying tray,,
dish rack,rack,rack
dish rag,,
dish soap,,
dish soap bottle,bottle,bottle
dish sponge,,
dish sponges,,
dish towel,towel,towel
dish washer,,
dish washer soap,,
dish washing liquid,,
dishcloth,cloth,
dishcloths,cloth,
dishes,,
dishrag,,
dishrags,,
dishwasher,,
dishwashing liquid,,
dishwashing soap,,
dishwashing sponge,,
disinfectant dispenser,soap dispenser,soap dispenser
dispenser,,
dispenser bottle,bottle,bottle
display,monitor,monitor
display cabinet,cabinet,cabinet
display case,,
dj desk,table,table
docking station,,
document,,
document holder,,
document binder,binder,binder
document file folder,file folder,file folder
document folder,file folder,file folder
document organizer,,
document rack,rack,rack
document shredder,,
document tray,,
documents,,
dog bed,,
dog bone,,
dog bowl,bowl,bowl
dog toy,,
dog toy rope,,
dongle,,
door,door,door
doorframe,doorframe,
door blocker,,
door closer,,
door clothes hooks,,
door coat rack,rack,rack
door handle,,
door hinge,,
door hook,,
door hooks,,
door intercom,,
door knob,,
door lamp,,
door mat,,
door stoper,,
door stopper,,
door treshold,,
door vent,air vent,
door window,window,window
doorbell chime,,
doorframw,doorframe,
doorknob,,
doormat,,
doorstop,,
doorway,,
double door,door,door
drain,,
drain stopper,,
drainage,,
draw cord,,
drawer,,
drawer cabinet,cabinet,cabinet
drawer organizer,,
drawers,,
drawstring pouch,,
dress,,
dresser,cabinet,cabinet
dried plant,,
drill,,
drilling machine,,
drink carton,,
drinking fountain,,
drone,,
dropped ceiling,ceiling,
drum,,
drum set,,
drying basket,basket,basket
drying machine,,
drying rack,rack,rack
dslr camera,,
duct,,
duct tape,,
duct tape roll,,
duffel bag,bag,bag
dumbbell,,
dumbbell case,,
dumbbells,,
dumbell,,
dumpster,trash can,trash can
dust bin,trash can,trash can
dust brush,,
dust collector,,
dust pan,,
dustbin,trash can,trash can
duster,,
dusting cloth,cloth,
dustpan,,
dustpan and brush,,
duvet,blanket,blanket
dvd,,
dvd player,,
ear muffs,,
earbuds,,
earphones,headphones,headphones
easel,,
echo dot,,
egg,,
egg basket,basket,basket
egg carton,,
egg crate,crate,crate
eggs,,
exhaust fan,exhaust fan,exhaust fan
electric box,box,box
electric cabinet,cabinet,cabinet
electric cable extender,power strip,power strip
electric circuit board,,
electric cooker,,
electric duct,electrical duct,
electric fan,,
electric guitar,,
electric hob,,
electric kettle,kettle,kettle
electric kettle pad,,
electric outlet,socket,socket
electric panel,,
electric panel door,,
electric piano,,
electric pot,pot,pot
electric socket,socket,socket
electric stove,,
electric switch,light switch,light switch
electric toorhbrush,,
electric toothbrush,,
electric wiring,,
electrical adapter,,
electrical board,,
electrical box,box,box
electrical cabinet,cabinet,cabinet
electrical control panel,,
electrical control panels,,
electrical duct,electrical duct,
electrical ducts,electrical duct,
electrical fan,,
electrical outlet,socket,socket
electrical panel,,
electrical pipe,pipe,
electrical plug,,
electrical socket,socket,socket
electrical tape,,
electricity meter,,
electronic appliance,,
electronic breadboard,,
electronic device,,
electronic toothbrush,,
electrucal duct,electrical duct,
elephant decoration piece,,
elephant toy,,
emergency button,,
emergency exit sign,,
emergency kit,,
emergency light,,
emergency shower,,
emergency sign,,
end table,table,table
energy meter,,
entertainment center,,
entryway organizer,,
entryway shelf,shelf,shelf
envelope,,
envelopes,,
equipment,,
equipment cover,,
eraser,,
ergonomic pillow,pillow,pillow
escape sign,,
esd mat,,
esd strap,,
espresso machine,,
exercise ball,,
exercise bike,,
exercise mat,,
exhaust duct,,
exhaust hood,,
exhaust pipe,pipe,
exhaust vent,,
exhaustion fan,exhaust fan,exhaust fan
exhaustive fan,exhaust fan,exhaust fan
exit sign,,
experiment bench,,
extension board,power strip,power strip
extension box,box,box
extension chord reel,,
extension cord,,
extension plug,,
external memory,,
extractor fan,exhaust fan,exhaust fan
eyeglasses,,
fabric,cloth,
face brick,,
face mask,,
facemask,,
facsimile,,
facuet,tap,tap
fake ceiling,ceiling,
false ceiling,ceiling,
fan,,
fan switch,,
fanny pack,,
faucet,tap,tap
faucet handle,,
figurine,,
file,,
file binder,binder,binder
file binders,binder,binder
file box,box,box
file cabinet,cabinet,cabinet
file folder,file folder,file folder
file folders,file folder,file folder
file holder,,
file organizer,,
file orginizer,,
file rack,rack,rack
file shelves,shelf,shelf
file stack,,
file storage,,
file tray,,
filefolders,file folder,file folder
filer organizer,,
files,,
filing cabinet,cabinet,cabinet
filter jug,,
fire alarm,,
fire destinguisher,,
fire extinguisher,,
fire extinguisher case,,
fire extinquisher,,
fireplace,,
fireplace surround,,
first aid kit,,
first aid box,box,box
first aid cabinet,cabinet,cabinet
first aid chart,,
first-aid bag,bag,bag
fitness mat,,
fitted wardrobe,cabinet,cabinet
flag,,
flask,,
flat panel display,monitor,monitor
flat screen display,monitor,monitor
flatbed trolley,,
flip chart,,
flip flop,slippers,slippers
flip flops,slippers,slippers
flipchart,,
flipflop,slippers,slippers
flipflops,slippers,slippers
floodlight,,
floor,floor,
floor cleaner,,
floor couch,sofa,sofa
floor cushion,cushion,cushion
floor lamp,,
floor mat,,
floor mats,,
floor mounted air conditioner,,
floor panel,,
floor scrubber,,
floor sofa,sofa,sofa
floor vent,air vent,
floor wiper,,
floormat,,
flor,floor,
flour bag,bag,bag
flower,,
flower pot,plant pot,plant pot
flower vase,,
flowers,,
fluorescent lamp,,
flush,,
flush button,,
flush panel,,
flush plate,,
flush sensor,,
flush tank,,
flushes,,
flyswatter,,
foam roller,,
foil dispenser,,
foldable bench,,
foldable closet,,
foldable hanging closet,,
foldable mattress,,
folded bag,bag,bag
folded blanket,blanket,blanket
folded box,box,box
folded cardboard box,box,box
folded cardboard boxes,box,box
folded carton,,
folded paper,paper,
folded poster,,
folded rug,,
folded stool,,
folded table,table,table
folded tablecloth,cloth,
folded towel,towel,towel
folder,file folder,file folder
folder holder,,
folder oragnizer,,
folders,file folder,file folder
folding bed,bed,bed
folding chair,chair,chair
folding desk,table,table
folding door,door,door
folding fan,,
folding mattress,,
folding room divider,,
folding screen,,
folding sofa,sofa,sofa
folding stool,,
folding table,table,table
folding umbrella,,
food,,
food bag,bag,bag
food container,container,container
food jar,jar,jar
food packaging,,
food pot,pot,pot
food products,,
food storage,,
food supplies,,
food supply,,
food tray,,
foodstuffs,,
foosball board,table,table
foosball table,table,table
foot massager,,
foot rest,,
foot stool,,
football,,
football stand,,
footrest,,
footstool,,
foreman grill,,
foset,tap,tap
fosit,tap,tap
frame,,
frame window screen,,
freezer,refrigerator,refrigerator
freezer display counter,,
french door,door,door
french press,,
french window,window,window
fridge,refrigerator,refrigerator
fridge magnet,,
fruit,,
fruit basket,basket,basket
fruit bowl,bowl,bowl
fruit hanger,,
fruits,,
fruits basket,basket,basket
fryer,,
frying pan,pan,pan
frying pans,pan,pan
fume cupboard,,
fume hood,,
funnel,,
fuse box,box,box
fuse panel,,
fusebox,,
game cd box,box,box
game console,,
game console controller,,
game controller,,
gamecontroller,,
gamer chair,office chair,office chair
gaming chair,office chair,office chair
garage door,door,door
garage shelf,shelf,shelf
garbage bag roll,,
garbage bin,trash can,trash can
garbage bin cover,,
garment bag,bag,bag
gas cylinder,,
gas tank,,
glass,,
glass bottle,bottle,bottle
glass bowl,bowl,bowl
glass cup,cup,cup
glass cups,cup,cup
glass door,door,door
glass jar,jar,jar
glass pane,,
glass plate,,
glass shelf,shelf,shelf
glass table,table,table
glass wall,wall,
glass wiper,,
glasses,,
glasses case,,
glasses cover,,
glasses holder,,
globe,,
glove,,
glove dispenser,,
gloves,,
glue bottle,bottle,bottle
golf rogue bag,bag,bag
grab bar,,
grab rail,,
grape,,
grated ceiling,ceiling,
grated floor mat,,
grated floor stand,,
grater,,
green vegetables,,
grill,,
grill pan,pan,pan
gripper,,
guillotine paper cutter,,
guitar,,
guitar amplifier,,
guitar bag,bag,bag
guitar case,,
guitar pedal,,
guitar stand,,
gym bag,bag,bag
gym ball,,
gym mat,,
gym mattress,,
gym plate,,
hair brush,,
hair comb,,
hair dryer,,
hair dryer cord,,
hair dryer holder,,
hair straightener,,
hairbrush,,
hairdryer,,
hairdryer attachment,,
hall door,door,door
hallway,,
hammer,,
hammer holder,,
hammock,,
hand bag,bag,bag
hand bell,,
hand dryer,,
hand mixer,,
hand sanitizer,,
hand sanitizer dispenser,soap dispenser,soap dispenser
hand sanitizer stand,,
hand shower,,
hand shower handle,,
hand soap,,
hand soap bottle,bottle,bottle
hand soap dispenser,soap dispenser,soap dispenser
hand towel,towel,towel
hand vacuum,,
hand washing liquid,,
hand washing soap,,
hand washing soap dispenser,soap dispenser,soap dispenser
handbag,bag,bag
handheld vacuum cleaner,,
handle,,
handle bar,,
handrail,,
handsoap,,
handwash,,
hangbag,bag,bag
hanger,clothes hanger,
hangers,clothes hanger,
hanging calendar,,
hanging chair,chair,chair
hanging closet,,
hanging deer skull,,
hanging frame,,
hanging hook,,
hanging lamp,ceiling lamp,ceiling lamp
hanging light,ceiling lamp,ceiling lamp
hanging light fixture,ceiling lamp,ceiling lamp
hanging shelf,shelf,shelf
hanging storage bin,container,container
hanging towel,towel,towel
hard drive,,
hat,,
head model,,
head phones,headphones,headphones
headboard,,
headphone,headphones,headphones
headphone bag,bag,bag
headphone case,,
headphone holder,,
headphones,headphones,headphones
headphones case,,
headrail,,
headset,headphones,headphones
hearth,,
heat pipe,pipe,
heat shield,,
heater,heater,heater
heater tube,,
heels,shoes,shoes
helf,shelf,shelf
helmet,,
helping hands,,
hifi system,,
high bench,,
high chair,chair,chair
high pressure cylinder,,
high stool,chair,chair
high table,table,table
highlighter,marker,marker
hiking pole,,
hiking poles,,
hob,,
holder,,
hole punch,,
hole puncher,,
hood,,
hoodie,,
hook,,
hose,,
hose pipe,pipe,
hot bag,,
hot water bag,,
human skeleton,,
humidifier,,
hydraulic press,,
hygiene product,,
hygiene products,,
ice cube tray,,
ice tray,,
in-table power socket,socket,socket
incense sticks,,
indoor crane,,
industrial machine,,
information board,board,
information stand,,
instant pot,pot,pot
insulated can,,
insulated coffee mug,,
interactive board,whiteboard,whiteboard
interactive whiteboard,whiteboard,whiteboard
intercom,,
intercom device,,
intercom screen,,
intercorm,,
internet socket,socket,socket
iron,,
ironing board,,
ironing machine,,
ironing table,table,table
item tray,,
jacket,jacket,jacket
jackets,jacket,jacket
janitor cart,,
janitorial trolley,,
jar,jar,jar
jars,jar,jar
jeans,,
jerry can,,
jerrycan,,
joga mat,,
joined tables,table,table
joystick,,
jug,,
juice box,box,box
juice tetrapack,,
jump rope,,
jumper,,
jumping blocs,,
junction box,box,box
kayak,,
ketchup bottle,bottle,bottle
kettle,kettle,kettle
kettlebell,,
kettlle,kettle,kettle
key,,
key hanger,,
key reader,,
keyboard,keyboard,keyboard
keyboard piano,,
keyboards,keyboard,keyboard
khol,,
kichen cabinet,kitchen cabinet,kitchen cabinet
kitchen cabinet,kitchen cabinet,kitchen cabinet
kitchen appliance,,
kitchen apron,,
kitchen back splash,,
kitchen backsplash,,
kitchen bar,,
kitchen brush,,
kitchen cabinet base,,
kitchen cabinet top,,
kitchen cabonet,kitchen cabinet,kitchen cabinet
kitchen ceiling,ceiling,
kitchen chimney,,
kitchen cloth,cloth,
kitchen container,container,container
kitchen counter,kitchen counter,
kitchen counter lamp,,
kitchen counter top,kitchen counter,
kitchen drawer,,
kitchen floor,floor,
kitchen glove,,
kitchen hob,,
kitchen hood,,
kitchen hutch,,
kitchen island,,
kitchen knife,,
kitchen knives,,
kitchen lamp,,
kitchen light,,
kitchen object,,
kitchen organizer,,
kitchen paper,paper towel,paper towel
kitchen paper roll,paper towel,paper towel
kitchen paper rolls,paper towel,paper towel
kitchen paper towel,paper towel,paper towel
kitchen pot,pot,pot
kitchen rack,rack,rack
kitchen robot,,
kitchen roll,,
kitchen shelf,shelf,shelf
kitchen sink,sink,sink
kitchen storage rack,rack,rack
kitchen stove,,
kitchen tap,tap,tap
kitchen tiled floor,floor,
kitchen tiled wall,wall,
kitchen towel,towel,towel
kitchen unit,,
kitchen utensil,,
kitchen utensil holder,,
kitchen utensils,,
kitchen utensils cup,cup,cup
kitchen wall,wall,
kitchen wall protector,,
kitchenware,,
knife,,
knife block,,
knife holder,,
knife set,,
knives,,
knives holder,,
knives set,,
knob,,
knobs,,
l-shaped sofa,sofa,sofa
lab appliance,,
lab cabinet,cabinet,cabinet
lab coat,,
lab equipment,,
lab fridge,refrigerator,refrigerator
lab incubator,,
lab machine,,
lab materials,,
lab stool,chair,chair
labcoat,,
laboratory bench,,
laboratory cabinet,cabinet,cabinet
laboratory equipment,,
laboratory pellet press,,
laboratory power supply,,
ladder,,
ladle,,
lamp,,
lamp foot switch,,
lamp footswitch,,
lamp supporter,,
lamp switch,,
lan,,
lan port,socket,socket
landline phone,telephone,telephone
landline socket,socket,socket
landline telephone,telephone,telephone
lantern,,
lanyard,,
laptop,laptop,laptop
laptop bag,bag,bag
laptop case,,
laptop charger,,
laptop cover,,
laptop holder,,
laptop pouch,,
laptop sleeve,,
laptop stand,,
laptop table,table,table
laptops,laptop,laptop
large laundry basket,basket,basket
lateral pulley,,
lathe,,
laundry,,
laundry bag,bag,bag
laundry basket,basket,basket
laundry detergent,,
laundry detergent bag,bag,bag
laundry detergent bottle,bottle,bottle
laundry detergent pads,,
laundry drying rack,rack,rack
laundry hamper,,
laundry hanger,,
laundry machine,,
laundry rack,rack,rack
laundry vent,air vent,
laundy basket,basket,basket
leaf fan,,
leak,,
leather mattress,,
lectern,,
led ceiling fan,,
leftovers box,box,box
leg rest stool,,
lemons,,
letter tray,,
letter trays,,
lever switch,,
lever valve,,
lid,,
light,,
light bulb,,
light cover,,
light dimmer,,
light fixture,,
light panel,,
light stand,,
light strip,,
light swich,light switch,light switch
light swicth,light switch,light switch
light switch,light switch,light switch
light switch and power socket,light switch,light switch
light switch and power sockets,light switch,light switch
light switches,light switch,light switch
light switchs,light switch,light switch
light swtich,light switch,light switch
lightbulb,,
liight switch,light switch,light switch
lint roller,,
lint roller refill,,
liquid soap,,
liquid soap bottle,bottle,bottle
liquid soap dispenser,soap dispenser,soap dispenser
loafers,shoes,shoes
lock,,
locker,storage cabinet,storage cabinet
lockers,storage cabinet,storage cabinet
loft,,
loft bed,bed,bed
long brush,,
long pan,pan,pan
long pillow,pillow,pillow
loofah,,
loth,cloth,
lotion,,
lotion bottle,bottle,bottle
lounge chair,chair,chair
lounge pug,,
low bookshelf,bookshelf,bookshelf
luggage,suitcase,suitcase
luggage bag,suitcase,suitcase
lunch bag,bag,bag
lunch box,box,box
machine,,
machine button,,
machine container,container,container
magazine,,
magazine collector,,
magazine holder,,
magazine rack,rack,rack
magazine stand,,
magazines,,
magnet,,
magnetic board,board,
magnets,,
mailbox,,
main switchboard,,
make up product,,
make up supplies,,
make-up supply,,
makeup bag,bag,bag
makeup box,box,box
makeup pen,,
makeup set,,
mantel clock,clock,clock
manual forklift,,
map,,
map poster,poster,poster
marker,marker,marker
marker eraser,whiteboard eraser,whiteboard eraser
marker storage,,
mask,,
mat,,
mattress,,
mattress topper,,
mattresses,,
mayonnaise bottle,bottle,bottle
measuring spoon,,
medal,,
medals,,
medical appliance,,
medical machine,,
medical stool,,
medication,,
medicine bottle,bottle,bottle
medicine cabinet,cabinet,cabinet
meeting booth,,
meeting pod,,
messenger bag,bag,bag
metal board,board,
metal briefcase,,
metal cup,cup,cup
metal frame,,
metal mount,,
metal rack,rack,rack
metal saw,,
metal sheet,,
microphone,,
microphone holder,,
microphone stand,,
microscope,,
microwave,microwave,microwave
microwave oven,microwave,microwave
midi controller,,
milk carton,,
milk cartons,,
milk jug,,
milling machine,,
mini fridge,refrigerator,refrigerator
mini oven,,
mini pc,computer tower,computer tower
mini shelf,shelf,shelf
mini sofa,sofa,sofa
mirror,,
mirror cabinet,cabinet,cabinet
mirror frame,,
mirror lamp,,
mirror light,,
mirror panel lamp,,
mirror shelf,shelf,shelf
mixer,,
mixer glass,,
mixer machine,,
mixing bowl,bowl,bowl
mobile phone,telephone,telephone
mobile tablet stand,,
mobile tv stand,,
model car,,
monitor,monitor,monitor
moka pot,,
monitor arm,,
monitor base,,
monitor cover,,
monitor holder,,
monitor lamp,,
monitor light,,
monitor stand,,
monitor support,,
mop,,
mop basin,,
mop bucket,bucket,bucket
mop cloth,cloth,
mop pad,,
mop rag,,
mosquito swatter,,
moss pole,,
motorcycle helmet,,
mount,,
mouse,mouse,mouse
mouse  mat,,
mouse mat,,
mouse pad,,
mousepad,,
movement sensor,,
moving dolly,,
mug,cup,cup
mugs,cup,cup
multi socket,power strip,power strip
multifunction printer,printer,printer
multimeter,,
multiplug,power strip,power strip
murphy bed,bed,bed
mushroom lamp,,
music box,,
music equipment case,,
music keyboard,,
music record,,
music stand,,
napkin,,
napkin dispenser,,
neck bolster,,
neck pillow,pillow,pillow
neon light,,
network outlet,socket,socket
network socket,socket,socket
network switch,,
newspapers,paper,
night lamp,table lamp,table lamp
night stand,,
nightstand,,
nintendo switch,,
nose spray,,
note,,
notebook,,
notebooks,,
notepad,,
notes,,
notice,,
notice board,board,
o,,
object,,
objects,,
office chair,office chair,office chair
office cabinet,cabinet,cabinet
office desk,table,table
office table,table,table
office visitor chair,office chair,office chair
oil bottle,bottle,bottle
oil diffuser,,
olive oil bottle,bottle,bottle
onions,,
opaque window panel,window,window
open box,box,box
open cabinet,cabinet,cabinet
open wardrobe,cabinet,cabinet
oragnizer,,
orange,,
oranges,,
organizer,,
organizer box,box,box
orginizer,,
ornament,,
ornamental box,box,box
oscilloscope,,
ottoman,,
ottoman chair,chair,chair
outdoor trash can,trash can,trash can
outlet,socket,socket
oven,,
oven controls,,
oven glove,,
oven gloves,,
oven mitt,,
oven mitten,,
oven mitts,,
oven panel,,
oven range,,
over door hooks,,
overhead cabinet,cabinet,cabinet
overhead projector,,
overhead shower,,
pack,,
package,,
package bag,bag,bag
package of paper,paper,
packet,,
packet of toilet paper,toilet paper,toilet paper
packets,,
paint bucket,bucket,bucket
paint jar,jar,jar
painting,painting,painting
paintings,painting,painting
pallet,,
pallet cage,,
palm rest,,
pamphlet,,
pan,pan,pan
pan lid,,
pan set,,
panel,,
panel door,door,door
panel light,,
panelboard,,
pans,pan,pan
pant,,
pantry,,
pants,,
papasan chair,chair,chair
paper,paper,
paper bag,paper bag,paper bag
paper bags,paper bag,paper bag
paper bin,trash can,trash can
paper box,box,box
paper boxes,box,box
paper container,container,container
paper cutter,,
paper dispenser,,
paper file,file folder,file folder
paper filers,,
paper files,file folder,file folder
paper holder,,
paper lamp,,
paper napkin roll,,
paper note,paper,
paper notebook,,
paper notes,paper,
paper organizer,,
paper package,,
paper packages,,
paper pag,paper bag,paper bag
paper puncher,,
paper rack,rack,rack
paper ram,paper,
paper roll,,
paper rolls,,
paper shredder,,
paper sign,,
paper stack,paper,
paper stapler,stapler,stapler
paper towel,paper towel,paper towel
paper towel dispenser,,
paper towel holder,,
paper towel pack,paper towel,paper towel
paper towel package,paper towel,paper towel
paper towel roll,paper towel,paper towel
paper towel rolls,paper towel,paper towel
paper towels,paper towel,paper towel
paper tray,,
paper trays,,
paper tube,,
paper weight,,
paperbag,paper bag,paper bag
papers,paper,
parallettes,,
parcel,,
partition,,
partition wall,wall,
pasta box,box,box
paste tube,,
pc,computer tower,computer tower
pc tower,computer tower,computer tower
picture,picture,picture
pedestal fan,,
peeler,,
pegboard,board,
pelican case,,
pems,,
pen,marker,marker
pen holder,,
pen jar,jar,jar
pen pouch,,
pen stand,,
pen tray,,
pencil,marker,marker
pencil case,,
pencil cup,cup,cup
pencil holder,,
pencil stand,,
pencilcase,,
pencils cup,cup,cup
pendant lamp,ceiling lamp,ceiling lamp
penholder,,
pens,marker,marker
pensil case,,
pepper container,container,container
pepper mill,,
perfume bottle,bottle,bottle
personal hygiene product,,
pet bed,,
pet feeding plates,,
pet food bowl,bowl,bowl
pet food container,container,container
pet food tray,,
pet mat,,
pet water dispenser,,
phone,telephone,telephone
phone charger,,
phone charger],,
phone holder,,
phone line outlet,socket,socket
phone stand,,
phone tripod,,
photo,picture,picture
photo frame,picture,picture
photocopier,printer,printer
photocopy machine,printer,printer
photoframe,picture,picture
photograph,picture,picture
piano,,
piano bench,,
piano book,book,book
piano chair,chair,chair
piano foot pedal,,
piano stand,,
piano stool,chair,chair
picture card,picture,picture
picture frame,picture,picture
picture frames,picture,picture
pictures,picture,picture
picutre,picture,picture
pillow,pillow,pillow
pile of papers,paper,
pillar,,
pillowcase,,
pillows,pillow,pillow
pin board,board,
pinboard,board,
ping pong paddle,,
ping pong table,table,table
pipe,pipe,
pipe storage rack,rack,rack
pipes,pipe,
piping,,
pissoir,toilet,toilet
pitcher,,
pizza box,box,box
pi̇cture,picture,picture
plank,,
planks,,
plant,plant,plant
plant pot,plant pot,plant pot
plant pot coaster,,
plant pot holder,,
plant pot mat,,
plant saucer,,
plant stand,,
planter,plant pot,plant pot
plants,plant,plant
plastic bag,bag,bag
plastic bags,bag,bag
plastic basin,,
plastic basket,basket,basket
plastic bin,container,container
plastic bottle,bottle,bottle
plastic box,box,box
plastic bucket,bucket,bucket
plastic can,,
plastic case,,
plastic container,container,container
plastic cup,cup,cup
plastic drum,,
plastic foil box,box,box
plastic food container,container,container
plastic mat,,
plastic packet,,
plastic plant,plant,plant
plastic sack,,
plastic stool,chair,chair
plastic storage basket,basket,basket
plastic storage baskets,basket,basket
plastic tray,,
plastic wall container,container,container
plastic wall panel,wall,
plastic wall shelf,shelf,shelf
plastic washbasin,,
plastic wrap,,
plastic wrap pack,,
plate,,
plate coaster,,
plate flush,,
plate of food,,
plate rack,rack,rack
plate weights,,
plates,,
platform,,
platform dolly,,
platform trolley,,
playstation,,
pliers,,
plug,,
plumbing pipe,pipe,
plunger,,
plush doll,,
plush toy,,
plushie,,
pocket calculator,,
pocket tissue,,
podium,,
pole,,
pole stand,,
pool cue,,
pool cue holder,,
pool stick holder,,
pool table,table,table
portable fan,,
portable heater,heater,heater
portable ladder,,
portable light,,
portable speaker,speaker,speaker
portable vacuum cleaner,,
post it,,
post it note,,
post it notes,,
post-it,,
postcards,,
poster,poster,poster
poster rail,,
poster stand,,
posters,poster,poster
postit note,,
pot,pot,pot
pot cover,,
pot holder,,
pot lid,,
pot rolling tray,,
pots,pot,pot
potted plant,plant,plant
pouch,bag,bag
pouches,bag,bag
power adapter,,
power bank,,
power board,power strip,power strip
power brick,,
power cabinet,cabinet,cabinet
power cables,,
power cord,,
power cube,power strip,power strip
power extender,power strip,power strip
power extension,power strip,power strip
power extension cable,power strip,power strip
power oulet,socket,socket
power outlet,socket,socket
power outlets,socket,socket
power panel,,
power plug,,
power socket,socket,socket
power socket unit,,
power sockets,socket,socket
power strip,power strip,power strip
power supply,,
power switch,light switch,light switch
power switch box,,
power switches,light switch,light switch
powerbank,,
powerstrip,power strip,power strip
pressure cooker,,
pride flag,,
pringles can,,
printer,printer,printer
printer cutter,,
printing paper,paper,
probe,,
product dispenser bottle,bottle,bottle
product tube,,
projection curtain,,
projection screen,,
projector,,
projector holder,,
projector rail,,
projector screen,,
prosthetic leg,,
puch,bag,bag
pull up bar,,
pull-up bar,,
pullover,,
pullup bar,,
pumper,,
punching bag,,
punching machine,,
punching tool,,
purse,,
push cart,,
racing simulator,,
rack,rack,rack
rack shelf,shelf,shelf
racquet,,
racquet bag,bag,bag
radiator,heater,heater
radiator pipe,pipe,
radiator pipes,pipe,
radio,,
rag,,
rags,,
rail shelf,shelf,shelf
railing,,
raised floor,floor,
range,,
range hood,,
razor,,
razor blade,,
receipt,,
recessed shelve,shelf,shelf
recessed shower shelve,shelf,shelf
recessed wardrobe,cabinet,cabinet
recesssed shelf,shelf,shelf
recliner,,
record player,,
recycle bag,bag,bag
recycle bin,trash can,trash can
refillable water bottle,bottle,bottle
refirgerator,refrigerator,refrigerator
reflection,,
refrigerator,refrigerator,refrigerator
regulator,,
relaxing chair,chair,chair
remote,,
remote control,,
remote controller,,
reusable plastic bag,bag,bag
reusable shopping bag,bag,bag
reusable shopping bags,bag,bag
reusable water bottle,bottle,bottle
ribbon,,
rice bag,bag,bag
rice cooker,,
ring light,,
ringlight,,
rj45 outlet,socket,socket
rj45 outlets,socket,socket
robe,,
robes,,
robot,,
robot car,,
robot vaccuum cleaner,,
robot vacuum cleaner,,
robotic arm,,
rock,,
rod,,
rods,,
rolled paper,paper,
roll,,
roll of tape,,
rolled backdrop,,
rolled blanket,blanket,blanket
rolled blinds,blinds,blinds
rolled cable,,
rolled mat,,
rolled mattress,,
rolled papers,paper,
rolled poster,,
rolled projection screen,,
roller blind,blinds,blinds
roller blinds,blinds,blinds
roller blinds pull cord,,
roller shutter,,
roller skate,,
roller tray,,
rolling bag,bag,bag
rolling blind,blinds,blinds
rolling blinds,blinds,blinds
rolling cabinet,cabinet,cabinet
rolling cart,,
rolling chair,office chair,office chair
rolling curtain,curtain,curtain
rolling mat,,
rolling pin,,
rolling shelf,shelf,shelf
rolling shelf cart,,
rolling stand,,
rolling table,table,table
rolling trolley,,
roman chair,,
roof,,
room divider,,
room divider rail,,
room freshener,,
room partition,,
roomba,,
rope,,
round chair,chair,chair
round pouch,,
round table,table,table
router,,
rubber duck,,
rubber glove,,
rubber heating pad,,
rubber water bag,bag,bag
rubik's cube,,
rucksack,backpack,backpack
rug,,
rugby ball,,
running shoe,shoes,shoes
running shoes,shoes,shoes
sac,,
sack,,
safe,,
safe box,box,box
safety bollard,,
safety poster,poster,poster
salad spinner,,
salt,,
salt container,container,container
salt shaker,,
sandal,shoes,shoes
sandals,shoes,shoes
sandwich bread,,
sandwich maker,,
sanitary bag,bag,bag
sanitary bag dispenser,,
sanitary product,,
santa hat,,
satchel,bag,bag
satchel bag,bag,bag
satchels,bag,bag
sauce bottle,bottle,bottle
sauce pan,pan,pan
sauce rack,rack,rack
saucer,,
soap,,
soap container,container,container
scale,,
scanner,,
scarf,,
scientific equipment,,
scissor,,
scissors,,
scooter,,
scrap carton,,
screen,monitor,monitor
screwdriver,,
scroll,,
scrubber,,
sculpture,,
seasoning pot,,
seat,,
seat cushion,cushion,cushion
security cam,,
security camera,,
separation wall,wall,
service trolley,,
serving tray,,
serving trolley,,
sewing machine,,
shade,,
shades,blinds,blinds
shades roller,blinds,blinds
shades slider,blinds,blinds
shampoo,,
shampoo bottle,bottle,bottle
shampoo bottles,bottle,bottle
shampoo dispenser,soap dispenser,soap dispenser
shaving foam,,
shawl,,
sheep doll,,
sheet,,
sheets,,
shelf,shelf,shelf
shelf contents,,
shelf rail,,
shelf trolley,,
shelve,shelf,shelf
shelves,shelf,shelf
shelving cart,,
shelving unit,shelf,shelf
shirt,,
shirts,,
shisha,,
shoe,shoes,shoes
shoe box,box,box
shoe cabinet,cabinet,cabinet
shoe case,,
shoe horn,,
shoe mat,,
shoe rack,shoe rack,shoe rack
shoe tray,,
shoe wall rack,shoe rack,shoe rack
shoebox,box,box
shoes,shoes,shoes
shoes holder,shoe rack,shoe rack
shopping bag,bag,bag
shopping basket,basket,basket
shopping trolley,,
short table,table,table
shorts,,
show curtain rod,,
shower,,
shower arm,,
shower cabin,,
shower caddy,,
shower cap,,
shower ceiling,ceiling,
shower control,,
shower cubicle,,
shower curtain,curtain,curtain
shower curtain rail,,
shower curtain rod,,
shower door,door,door
shower door frame,doorframe,
shower drain,,
shower ewall,shower wall,
shower faucet,tap,tap
shower floor,floor,
shower gel,,
shower gel bottle,bottle,bottle
shower glass,,
shower handle,,
shower head,,
shower head mount,,
shower holder,,
shower hose,,
shower loofah,,
shower mat,,
shower pan,,
shower partition,,
shower pipe,pipe,
shower puff,,
shower rack,rack,rack
shower rail,,
shower rod,,
shower rod handle,,
shower rug,,
shower screen,,
shower seating,,
shower shelf,shelf,shelf
shower sink,sink,sink
shower sponge,,
shower squeegee,,
shower tap,tap,tap
shower tray,,
shower tub,,
shower valve,,
shower wal,shower wall,
shower wall,shower wall,
shower wiper,,
shutter box,,
shwer curtain rail,,
side table,table,table
sidetable,table,table
sign,,
sign board,board,
silicon gun,,
sill,windowsill,
single couch,sofa,sofa
sink,sink,sink
sink brush,,
sink counter,,
sink countertop,,
sink pipe,pipe,
sink shelf,shelf,shelf
sit-up pillow,pillow,pillow
skateboard,,
skeleton,,
ski,,
ski boots,shoes,shoes
ski goggles,,
ski pole,,
ski poles,,
ski rack,rack,rack
ski sticks,,
skiboard,,
skiing goggles,,
skiing shoe,shoes,shoes
skin care product,,
skis,,
skylight,window,window
sleep mask,,
sleeping bag,,
slide bar,,
sliding blackboard track,,
sliding door,door,door
sliding door frame,doorframe,
sliding door rail,,
sliding glass door,door,door
sliding window,window,window
sling bag,bag,bag
slipper,slippers,slippers
slippers,slippers,slippers
smal broom,,
small appliance,,
small bag,bag,bag
small bookshelf,bookshelf,bookshelf
small bowl,bowl,bowl
small cabinet,cabinet,cabinet
small dresser,cabinet,cabinet
small wardrobe,cabinet,cabinet
small whiteboard,whiteboard,whiteboard
smartboard,whiteboard,whiteboard
smartphone,telephone,telephone
smartphone holder,,
smoke alarm,smoke detector,smoke detector
smoke detector,smoke detector,smoke detector
smoke detectors,smoke detector,smoke detector
snack,,
snack bag,bag,bag
sneaker,shoes,shoes
sneakers,shoes,shoes
snow sled,,
snowboard,,
snowglobe,,
soap bar,,
soap basket,basket,basket
soap bottle,bottle,bottle
soap dish,,
soap dispenser,soap dispenser,soap dispenser
soap dispensers,soap dispenser,soap dispenser
soap holder,,
soap tray,,
sock,,
socket,socket,socket
socket box,,
socket extender,power strip,power strip
socket strip,power strip,power strip
socket switch,light switch,light switch
sockets,socket,socket
socks,,
soda stream,,
sofa,sofa,sofa
sofa chair,chair,chair
sofa cover,,
sofa cushion,cushion,cushion
sofa module,,
sofa pillow,pillow,pillow
softbox,,
softbox light,,
soldering iron,,
soldering station,,
sombrero,,
sound absorbing panel,,
space heater,heater,heater
spatula,,
speaker,speaker,speaker
speaker stand,,
speakers,speaker,speaker
spectacle case,,
spectacles,,
spectacles case,,
spice,,
spice bottle,bottle,bottle
spice container,container,container
spice jar,jar,jar
spice jars,jar,jar
spice rack,rack,rack
spices,,
spill mat,,
sponge,,
sponge cloth,cloth,
spool,,
spoon,,
spotlight,,
spray,,
spray bottle,spray bottle,spray bottle
spray bottles,spray bottle,spray bottle
spray can,,
square conduit,electrical duct,
square plastic conduit,electrical duct,
squat rack,rack,rack
squeegee,,
stabilizer,,
stack of chairs,chair,chair
stack of paper,paper,
stack of stools,,
stack of tyres,,
stacked chairs,chair,chair
stage,,
stair,,
stair railing,,
stair railling,,
staircase,,
staircase railing,,
stairs,,
stall door,door,door
stamp,,
stand,,
stand mixer,,
standing banner,,
standing calendar,,
standing clothes hanger,clothes hanger,
standing coat rack,rack,rack
standing fan,,
standing lamp,,
standing light,,
standing mirror,,
standing podium,,
standing poster,poster,poster
standing speaker,speaker,speaker
standing whiteboard,whiteboard,whiteboard
stapler,stapler,stapler
star,,
stationaries,,
stationary,,
stationary cup,cup,cup
stationery,,
stationery container,container,container
stationery rack,rack,rack
stationery tray,,
statue,,
steam iron,,
steel beam,,
step,,
step ladder,,
step stool,,
stepladder,,
stepstool,,
stereo,,
stereo box,box,box
stick,,
stick vacuum cleaner,,
sticker,,
sticky note,,
sticky notes,,
stock pot,pot,pot
stool,chair,chair
stool bench,,
stools,chair,chair
storage,,
storage basket,basket,basket
storage bench,,
storage bin,container,container
storage box,box,box
storage cabinet,storage cabinet,storage cabinet
storage chest,,
storage closet,,
storage container,container,container
storage grid,,
storage organizer,,
storage rack,rack,rack
storage roller cart,,
storage shelf,shelf,shelf
storage stool,,
storage tank,,
storage trolley,,
stove,,
stove hood,,
stove top,,
stovetop,,
straightening iron,,
strainer,,
straws,,
stream deck,,
strip,,
structure,,
structural column,,
structural pillar,,
studio light,,
study table,table,table
stuffed animal,,
stuffed animal door insulator,,
stuffed toy,,
stuffed toys,,
styrofoam,,
styrofoam box,box,box
suit,,
suit bag,bag,bag
suit cover,,
suitcase,suitcase,suitcase
sunblock,,
sunglasses,,
supermarket catalog,,
surface cleaner,,
surface cleaning liquid,,
surface mount raceway,electrical duct,
surfboard,,
surfing board,,
surfsuit,,
surveillance camera,,
suspended ceiling,ceiling,
sweater,,
sweatpants,,
switch,light switch,light switch
switch board,,
switchboard,,
switchboard cabinet,cabinet,cabinet
switchboard cover,,
switches,light switch,light switch
swtich,light switch,light switch
t shirt,,
t-shirt,,
table,table,table
table calander,,
table clock,clock,clock
table cloth,cloth,
table decoration,,
table fan,,
table football,,
table lamp,table lamp,table lamp
table leg,,
table mat,,
table mirror,,
table tennis bat,,
table tennis racket,,
tablecloth,cloth,
tables,table,table
tablet,,
tablet stand,,
tabletop,,
tableware,,
takeout box,box,box
tall table,table,table
tap,tap,tap
tape,,
tape dispenser,,
tape roll,,
tapestry,,
tarpaulin,,
tea box,box,box
tea cup,cup,cup
tea packets,,
tea pot,,
tea station,,
teakettle,kettle,kettle
teapot,,
teddy bear,,
telephone,telephone,telephone
telephone line socket,socket,socket
telephone stand,,
telescope,,
television,tv,tv
television stand,,
tempering valve,,
tennis bag,bag,bag
tennis ball,,
tennis cap,,
tennis racket,,
tennis rackets,,
tennis racquet,,
thermostat,,
thermos,,
tile wall,wall,
tiled floor,floor,
tiled wall,wall,
tin box,box,box
tissue box,tissue box,tissue box
tissue,,
tissue bag,bag,bag
tissue dispenser stand,,
tissue pack,,
tissue paper,,
tissue paper roll,,
tissue roll,,
tissues,,
toaster,,
toaster oven,,
toe kick,,
toilet,toilet,toilet
toilet brush,toilet brush,toilet brush
toilet brush bowl,,
toilet brush holder,,
toilet cabinet,cabinet,cabinet
toilet cleaner,,
toilet flush,,
toilet flush button,,
toilet flush buttons,,
toilet holder,,
toilet paper,toilet paper,toilet paper
toilet paper dispenser,,
toilet paper holder,,
toilet paper pack,toilet paper,toilet paper
toilet paper roll,toilet paper,toilet paper
toilet paper rolls,toilet paper,toilet paper
toilet paper stack,toilet paper,toilet paper
toilet papers,toilet paper,toilet paper
toilet plunger,,
toilet seat,,
toiletries,,
toiletry,,
toiletry bag,bag,bag
toiletry basket,basket,basket
toiletry bottle,bottle,bottle
toliet paper,toilet paper,toilet paper
toliet paper rolls,toilet paper,toilet paper
tongs,,
tool,,
tool box,box,box
tool cabinet,cabinet,cabinet
tool case,,
tool organizer,,
tool rack,rack,rack
tool trolley,,
toolbox,,
toolboxes,,
tools,,
tools storage,,
tooth brush,,
tooth cleaning product,,
tooth paste,,
tooth paste tube,,
toothbrush,,
toothbrush holder,,
toothbrushes,,
toothpaste,,
toothpaste bottle,bottle,bottle
toothpaste tube,,
top loading washing machine,,
tote bag,bag,bag
totebag,bag,bag
towel,towel,towel
towel hanger,,
towel heater,heater,heater
towel holder,,
towel paper dispenser,,
towel rack,rack,rack
towel radiator,heater,heater
towel rail,,
towel rod,,
towel warmer,,
towels,towel,towel
tower fan,,
tower pc,computer tower,computer tower
tower ventilator,,
toy,,
toy car,,
toy models,,
track system,,
training equipment,,
trash,,
trash bag,bag,bag
trash bag pack,,
trash bags,bag,bag
trash bin,trash can,trash can
trash can,trash can,trash can
trash can lid,,
trash cans,trash can,trash can
trash container,trash can,trash can
trashbin,trash can,trash can
trashcan,trash can,trash can
travel backpack,backpack,backpack
travel bag,bag,bag
travel suit bag,bag,bag
travelling bag,bag,bag
tray,,
treadmill,,
tree trunk,,
trenchcoat,jacket,jacket
triangle flags,,
tripod,,
tripod bag,bag,bag
tripods,,
trivet,,
trolley,,
trolley bag,bag,bag
trolley table,table,table
trolley tray,,
trousers,,
trunk,,
tshirt,,
tub,,
tube,,
tube container,container,container
tube light,,
tube lights,,
tubelight,,
tumbler,,
tupperware,,
tv,tv,tv
tv board,cabinet,cabinet
tv cabinet,cabinet,cabinet
tv console,,
tv controller,,
tv mount,,
tv receiver,,
tv remote,,
tv screen,tv,tv
tv stand,,
tv table,table,table
tv trolley,,
typewriter,,
umbrella,,
umbrella can,,
umbrella holder,,
umbrella stand,,
upholstered bench,,
urinal,toilet,toilet
usb hub,,
utensil canister,,
utensil cup,cup,cup
utensil holder,,
utensil rack,rack,rack
utensil tray,,
utensils,,
utility box,box,box
utility cart,,
utility room door,door,door
vaccum cleaner,,
vacuum cleaner,,
vacuum cleaner head,,
vacuum flask,,
vacuum robot,,
valve,,
vanity light,,
vape pen,,
vase,,
vegetable box,box,box
vegetables,,
vent,air vent,
ventilation,air vent,
ventilation duct,,
ventilation fan,exhaust fan,exhaust fan
ventilation pipe,pipe,
ventilation shaft,,
ventilator,air vent,
vertical blind control,,
vertical blinds,blinds,blinds
vice,,
vise,,
voltage stabilizer,,
vottle,bottle,bottle
vr headset,,
vr setup,,
waffle maker,,
wal,wall,
walking cane,,
wall,wall,
wall /other room,wall,
wall beam,,
wall board,board,
wall cabinet,cabinet,cabinet
wall calendar,,
wall clock,clock,clock
wall coat hanger,coat hanger,coat hanger
wall coat rack,rack,rack
wall cord cover,electrical duct,
wall decoration,,
wall flush,,
wall frame,,
wall handle,,
wall hanger,,
wall hanging,,
wall hanging basket,basket,basket
wall hanging rack,rack,rack
wall hook,,
wall hook rack,rack,rack
wall hooks,,
wall intercom,,
wall lamp,,
wall light,,
wall mirror,,
wall mounted coat rack,rack,rack
wall mounted organizer,,
wall mounted table,table,table
wall mounted telephone,telephone,telephone
wall mounted thermostat,,
wall mounts,,
wall organizer,,
wall outlet,socket,socket
wall painting,painting,painting
wall panel,wall,
wall paper,,
wall phone,telephone,telephone
wall rack,rack,rack
wall shelf,shelf,shelf
wall shelf unit,shelf,shelf
wall sign,,
wall speaker,speaker,speaker
wall strip,,
wall telephone sockets,socket,socket
wall thermostat,,
wall unit,,
wall/other room,wall,
wallet,,
wardrobe,cabinet,cabinet
wardrobe box,box,box
wardrobe frame,,
wardrobe rack,rack,rack
wasching machine,,
wash basin,sink,sink
washbasin,sink,sink
washcloth,cloth,
washing machine,,
washing powder,,
wastebin,trash can,trash can
watch,,
water boiler,kettle,kettle
water boittle,bottle,bottle
water bottle,bottle,bottle
water bubbler,,
water bucket,bucket,bucket
water container,container,container
water cooler,,
water dispenser,,
water filter,,
water filter jug,,
water heater,heater,heater
water jug,,
water kettle,kettle,kettle
water meter,,
water pipe,pipe,
water pipes,pipe,
water pitcher,,
water pot,,
water sweeper,,
water tap,tap,tap
watering bucket,bucket,bucket
watering can,,
watering pot,,
water meter cover,,
web cam,,
webcam,,
weighing scale,,
weight,,
weight bar,,
weight plate,,
weight plates,,
weight scale,,
weights,,
wet tissue,,
wet wipes,,
wetmop,,
wheelbarrow,,
wheelchair,,
wheeled chair,office chair,office chair
wheeled side table,table,table
wheeled storage cabinet,storage cabinet,storage cabinet
whiskey bottle,bottle,bottle
white board,whiteboard,whiteboard
whiteboard,whiteboard,whiteboard
whiteboard duster,whiteboard eraser,whiteboard eraser
whiteboard eraser,whiteboard eraser,whiteboard eraser
whiteboard marker,marker,marker
whiteboard marker holder,,
whiteboard markers,marker,marker
whiteboard mount,,
whiteboard pens,marker,marker
whiteboard rag,whiteboard eraser,whiteboard eraser
whiteboard stand,,
whiteboards,whiteboard,whiteboard
wicket door,door,door
wifi router,,
window,window,window
window blind,blinds,blinds
window casing,,
window cleaning brush,,
window counter,,
window cover panel,,
window door,door,door
window frame,window frame,
window handle,,
window head,,
window lintel,,
window pane,window,window
window shutters,blinds,blinds
window sign,,
window sill,windowsill,
window wiper,,
windowframe,window frame,
windows,window,window
windowsill,windowsill,
wine bottle,bottle,bottle
wine bottles,bottle,bottle
wine rack,rack,rack
wiper,,
wire,,
wire basket,basket,basket
wire hider,electrical duct,
wire junction,,
wire spool,,
wire stripper,,
wire tray,,
wireless charger,,
wireless headphones,headphones,headphones
wires,,
wlan router,,
wok pan,pan,pan
wood block,,
wood branch,,
wood panel,wall,
wood piece,,
wood planks,,
wood stick,,
wooden basket,basket,basket
wooden beam,,
wooden bench,,
wooden block,,
wooden board,board,
wooden box,box,box
wooden brush,,
wooden chest,,
wooden crate,crate,crate
wooden frame,,
wooden palette,,
wooden pallet,,
wooden panel,wall,
wooden panel window,window,window
wooden plan,,
wooden plank,,
wooden planks,,
wooden post,,
wooden shelves,shelf,shelf
wooden spoon,,
wooden stick,,
woofer,speaker,speaker
woofer speaker,speaker,speaker
work bench,table,table
work station,,
workbench,table,table
workshop tool,,
wrist rest,,
yoga brick,,
yoga mat,,
yoga mat band,,
yogurt cup,cup,cup
zip up hoodie,,
